Length,Height,AUW,MEW,FW,Vmax,Vcruise,Vstall,Range,Hmax,ROC,Vlo,Slo,Vl,Sl
27.0,9.916666666666666,2220.0,1574.0,281.40000000000003,98.0,97.0,44.0,435.0,12000.0,715.0,2390.0,1620.0,1345.0,590.0
22.25,6.5,1750.0,1040.0,268.0,109.0,100.0,42.0,296.0,18000.0,750.0,1140.0,720.0,1630.096648063465,500.0
26.33333333333333,6.5,3400.0,1915.0,335.0,183.0,177.0,55.0,543.0,17500.0,1136.0,1320.0,965.0,1177.0,647.0
25.75,8.083333333333334,2750.0,1696.0,381.9,145.0,137.0,60.0,647.0,15385.0,927.0,1561.0,1063.0,1462.0,816.0
25.08333333333333,6.5,2775.0,1722.0,261.3,169.0,160.0,48.0,550.0,19000.0,1300.0,1270.0,1060.0,1025.0,680.0
