Length,Height,AUW,MEW,FW,Vmax,Vcruise,Vstall,Range,Hmax,ROC,Vlo,Slo,Vl,Sl
33.5,12.166666666666666,12500.0,5829.0,1447.2,158.0,126.0,52.0,600.0,8000.0,650.0,1756.907849351128,1830.0,1949.9733152901847,1634.223698731496
30.08333333333333,11.25,4318.0,2900.0,1011.7,254.0,250.0,60.0,1000.0,27000.0,2500.0,1200.0,800.0,1000.0,800.0
35.166666666666664,14.25,7394.0,4629.0,1949.7,330.0,252.0,87.44214602547308,1730.0,31000.0,1653.0,2868.520975575953,2380.0,2483.5381143037584,2430.0
34.916666666666664,14.333333333333334,6579.0,4050.0,1887.0,300.0,291.0,61.0,1563.0,30000.0,2380.0,1591.0,1017.0,2034.0,1181.0
45.26444451169353,15.784063409979678,7860.0,3739.0,1139.0,122.0,105.0,46.0,574.0,16880.47088913316,1000.0,1345.7785060371236,810.0,1517.532366070939,871.4724298941209
