Length,Height,AUW,MEW,FW,Vmax,Vcruise,Vstall,Range,Hmax,ROC,Vlo,Slo,Vl,Sl
27.166666666666668,8.833333333333334,2550.0,1572.0,348.40000000000003,132.0,130.0,47.0,570.0,17000.0,870.0,1360.0,800.0,1345.0,635.0
29.0,9.5,3600.0,2071.0,629.8000000000001,189.0,175.0,61.0,648.0,20000.0,1050.0,1875.0,1410.0,1760.0,1050.0
23.5,8.083333333333334,2350.0,1520.0,201.0,123.0,117.0,45.0,305.0,13500.0,800.0,1375.0,650.0,900.0,475.0
25.08333333333333,6.5,2900.0,1820.0,261.3,179.0,165.0,50.0,470.0,19800.0,1225.0,1260.0,1050.0,1050.0,710.0
26.33333333333333,6.5,3400.0,2027.0,335.0,217.0,200.0,55.0,600.0,29500.0,1225.0,1320.0,950.0,1177.0,647.0
